"State","Race","Total.Population","Total.Citizen.Population","Total.registered","Percent.registered..Total.","MarginError1","Percent.registered..Citizen.","MarginError2","Total.voted","Percent.voted..Total.","MarginError3","Percent.voted..Citizen.","MarginError4"
"UNITED STATES","Total",191,169,70,142,1,127,1,397,125,1,138,1
"UNITED STATES","Male",36,19,366,127,2,112,2,263,115,2,127,2
"UNITED STATES","Female",49,36,395,159,2,143,2,286,136,2,148,2
"UNITED STATES","White",122,107,29,160,1,139,1,362,143,1,152,1
"UNITED STATES","White.NonHispanic",92,87,8,213,1,161,1,350,185,2,174,2
"UNITED STATES","Black",248,228,120,146,4,116,3,22,116,5,118,4
"UNITED STATES","Asian",64,460,305,39,9,32,11,180,35,7,39,10
"UNITED STATES","Hispanic",291,207,42,41,5,42,7,341,33,4,38,6
"UNITED STATES","White.combination",128,113,33,159,1,139,1,365,142,1,151,1
"UNITED STATES","Black.combination",257,236,130,142,3,114,3,30,113,4,113,4
"UNITED STATES","Asian.combination",80,12,332,45,8,38,10,201,40,7,42,10
"ALABAMA","Total",288,270,172,192,51,152,63,73,149,43,144,62
"ALABAMA","Male",111,95,11,160,62,128,78,340,130,54,131,78
"ALABAMA","Female",127,124,48,221,59,173,75,378,163,53,155,76
"ALABAMA","White",213,206,109,202,55,159,67,7,144,48,137,66
"ALABAMA","White.NonHispanic",201,202,106,223,55,162,67,7,160,49,142,72
"ALABAMA","Black",482,454,349,191,81,135,95,257,184,76,171,99
"ALABAMA","Asian",379,184,108,NA,NA,NA,NA,392,NA,NA,NA,NA
"ALABAMA","Hispanic",68,314,108,NA,NA,NA,NA,209,NA,NA,NA,NA
"ALABAMA","White.combination",222,214,115,200,54,159,66,12,142,47,135,66
"ALABAMA","Black.combination",485,457,352,190,80,134,95,257,177,76,165,98
"ALABAMA","Asian.combination",379,184,108,NA,NA,NA,NA,392,NA,NA,NA,NA
"ALASKA","Total",386,365,259,191,52,148,64,179,214,45,212,64
"ALASKA","Male",221,211,104,183,62,137,78,49,209,56,205,79
"ALASKA","Female",210,201,104,198,62,160,78,48,219,56,218,80
"ALASKA","White",273,258,169,229,57,181,73,120,246,51,245,74
"ALASKA","White.NonHispanic",261,251,159,240,58,188,73,114,249,52,249,75
"ALASKA","Black",114,115,433,NA,NA,NA,NA,322,NA,NA,NA,NA
"ALASKA","Asian",236,151,406,NA,NA,NA,NA,348,NA,NA,NA,NA
"ALASKA","Hispanic",236,192,34,NA,NA,NA,NA,373,NA,NA,NA,NA
"ALASKA","White.combination",284,267,182,225,56,176,68,128,244,50,242,74
"ALASKA","Black.combination",150,138,21,NA,NA,NA,NA,373,NA,NA,NA,NA
"ALASKA","Asian.combination",263,205,21,NA,NA,NA,NA,392,NA,NA,NA,NA
"ARIZONA","Total",372,332,209,109,48,107,61,111,106,40,125,59
"ARIZONA","Male",198,154,49,104,58,102,75,379,94,48,108,74
"ARIZONA","Female",211,178,73,114,57,115,74,405,117,48,144,73
"ARIZONA","White",332,282,174,121,50,120,63,87,118,42,142,61
"ARIZONA","White.NonHispanic",229,226,116,186,55,133,67,45,190,48,178,66
"ARIZONA","Black",158,135,35,116,30,91,29,337,76,23,64,31
"ARIZONA","Asian",120,470,279,4,22,6,57,132,3,95,18,48
"ARIZONA","Hispanic",98,35,373,64,83,88,104,238,52,67,58,103
"ARIZONA","White.combination",335,291,180,118,50,116,63,91,117,41,141,61
"ARIZONA","Black.combination",202,182,35,76,25,46,24,337,59,16,44,22
"ARIZONA","Asian.combination",145,37,315,6,23,9,50,177,9,96,21,43
"ARKANSAS","Total",164,146,46,140,52,112,65,371,111,44,110,63
"ARKANSAS","Male",18,476,348,116,64,85,80,238,98,54,94,79
"ARKANSAS","Female",32,24,379,166,62,138,78,264,123,54,127,78
"ARKANSAS","White",112,101,16,157,55,122,67,338,118,47,114,66
"ARKANSAS","White.NonHispanic",104,94,9,188,55,129,67,335,133,48,117,66
"ARKANSAS","Black",254,243,129,149,96,95,108,33,119,89,106,113
"ARKANSAS","Asian",396,229,406,NA,NA,NA,NA,131,NA,NA,NA,NA
"ARKANSAS","Hispanic",68,378,144,NA,NA,NA,NA,62,NA,NA,NA,NA
"ARKANSAS","White.combination",113,105,18,154,55,117,67,339,116,46,112,65
"ARKANSAS","Black.combination",258,246,129,142,96,88,108,33,116,89,103,112
"ARKANSAS","Asian.combination",406,248,406,NA,NA,NA,NA,131,NA,NA,NA,NA
"CALIFORNIA","Total",244,196,69,77,3,70,3,391,76,3,93,3
"CALIFORNIA","Male",79,42,367,69,7,60,7,261,72,7,86,7
"CALIFORNIA","Female",85,53,390,86,6,81,6,276,80,7,99,7
"CALIFORNIA","White",157,117,15,85,4,84,4,351,88,5,114,5
"CALIFORNIA","White.NonHispanic",46,43,403,180,7,138,6,307,185,9,180,8
"CALIFORNIA","Black",118,111,7,121,68,75,85,298,66,58,48,82
"CALIFORNIA","Asian",342,266,98,49,55,26,75,401,45,43,37,66
"CALIFORNIA","Hispanic",3,408,256,35,49,30,68,99,27,13,28,62
"CALIFORNIA","White.combination",167,121,25,87,4,86,4,353,87,5,112,5
"CALIFORNIA","Black.combination",137,130,28,123,67,82,84,312,65,56,47,80
"CALIFORNIA","Asian.combination",354,278,114,54,54,28,75,412,48,42,38,65
"COLORADO","Total",315,281,200,206,50,185,62,156,245,43,252,61
"COLORADO","Male",135,120,43,195,60,175,75,9,237,53,246,77
"COLORADO","Female",143,125,60,217,59,198,74,31,249,52,257,76
"COLORADO","White",286,261,183,218,51,189,62,143,251,44,256,62
"COLORADO","White.NonHispanic",252,238,157,256,52,207,63,121,261,46,262,64
"COLORADO","Black",84,60,391,89,39,67,44,309,121,35,142,49
"COLORADO","Asian",29,395,315,NA,NA,NA,NA,253,NA,NA,NA,NA
"COLORADO","Hispanic",435,371,249,67,102,89,14,154,77,93,128,15
"COLORADO","White.combination",292,264,186,220,50,191,62,146,250,44,255,62
"COLORADO","Black.combination",95,78,402,84,38,56,42,311,111,33,124,44
"COLORADO","Asian.combination",72,446,388,101,43,224,42,279,101,37,236,68
"CONNECTICUT","Total",235,212,102,148,51,132,64,39,167,44,181,63
"CONNECTICUT","Male",62,47,397,129,63,113,79,319,176,55,193,80
"CONNECTICUT","Female",82,63,434,169,61,152,77,324,157,53,169,78
"CONNECTICUT","White",185,168,76,175,53,151,65,11,189,46,194,65
"CONNECTICUT","White.NonHispanic",146,142,61,206,54,162,66,4,211,48,207,66
"CONNECTICUT","Black",245,200,37,60,103,35,15,380,64,93,66,121
"CONNECTICUT","Asian",6,418,284,NA,NA,NA,NA,194,NA,NA,NA,NA
"CONNECTICUT","Hispanic",262,170,30,48,22,47,37,343,46,101,52,34
"CONNECTICUT","White.combination",189,175,82,177,53,154,65,16,190,46,195,65
"CONNECTICUT","Black.combination",253,218,50,63,102,39,114,385,63,91,62,119
"CONNECTICUT","Asian.combination",6,418,284,NA,NA,NA,NA,194,NA,NA,NA,NA
"DELAWARE","Total",438,402,300,167,51,148,64,208,158,44,169,63
"DELAWARE","Male",271,250,149,159,63,142,79,61,152,55,163,80
"DELAWARE","Female",297,267,171,174,61,153,77,90,164,53,173,78
"DELAWARE","White",380,355,259,203,55,173,67,161,184,49,185,73
"DELAWARE","White.NonHispanic",358,340,253,232,56,178,68,158,206,50,193,73
"DELAWARE","Black",84,70,435,166,87,141,102,321,143,79,148,106
"DELAWARE","Asian",263,138,283,NA,NA,NA,NA,209,NA,NA,NA,NA
"DELAWARE","Hispanic",402,248,67,NA,NA,NA,NA,289,NA,NA,NA,NA
"DELAWARE","White.combination",387,359,262,201,55,171,67,165,182,48,185,72
"DELAWARE","Black.combination",95,82,444,170,86,150,100,332,147,78,155,104
"DELAWARE","Asian.combination",268,138,326,NA,NA,NA,NA,209,NA,NA,NA,NA
"DISTRICT OF COLUMBIA","Total",395,351,266,200,51,205,63,175,191,45,217,64
"DISTRICT OF COLUMBIA","Male",203,167,101,206,63,213,78,36,202,57,231,82
"DISTRICT OF COLUMBIA","Female",241,218,133,195,60,192,76,50,183,54,203,79
"DISTRICT OF COLUMBIA","White",207,170,117,240,61,222,75,44,215,57,241,82
"DISTRICT OF COLUMBIA","White.NonHispanic",154,143,96,265,62,223,76,26,235,60,243,84
"DISTRICT OF COLUMBIA","Black",202,190,99,205,69,175,85,27,193,64,196,88
"DISTRICT OF COLUMBIA","Asian",150,2,326,NA,NA,NA,NA,131,NA,NA,NA,NA
"DISTRICT OF COLUMBIA","Hispanic",391,229,136,NA,NA,NA,NA,52,NA,NA,NA,NA
"DISTRICT OF COLUMBIA","White.combination",218,185,127,236,61,221,75,49,213,56,239,81
"DISTRICT OF COLUMBIA","Black.combination",214,194,107,197,69,172,85,38,192,63,197,87
"DISTRICT OF COLUMBIA","Asian.combination",204,55,377,NA,NA,NA,NA,209,NA,NA,NA,NA
"FLORIDA","Total",91,72,425,120,6,110,5,329,144,7,165,7
"FLORIDA","Male",445,401,285,107,11,100,11,196,127,12,152,12
"FLORIDA","Female",467,422,308,133,10,121,10,225,156,11,176,11
"FLORIDA","White",51,31,380,117,7,106,7,291,146,8,167,8
"FLORIDA","White.NonHispanic",481,448,340,160,9,111,8,260,196,11,187,10
"FLORIDA","Black",182,152,59,134,64,125,81,399,138,55,157,81
"FLORIDA","Asian",296,239,129,79,105,103,17,49,97,99,148,21
"FLORIDA","Hispanic",281,204,79,61,66,90,87,390,55,53,87,86
"FLORIDA","White.combination",53,33,381,118,7,107,6,294,145,8,167,8
"FLORIDA","Black.combination",194,166,66,132,63,117,80,403,135,55,153,80
"FLORIDA","Asian.combination",320,258,149,87,104,105,13,65,103,98,150,15
"GEORGIA","Total",444,404,294,139,11,119,11,206,140,12,150,12
"GEORGIA","Male",277,253,140,122,52,107,65,51,118,44,132,64
"GEORGIA","Female",301,273,170,157,51,130,63,93,160,43,166,62
"GEORGIA","White",352,321,211,153,49,134,61,117,148,41,157,60
"GEORGIA","White.NonHispanic",328,312,205,198,49,141,61,115,178,42,165,60
"GEORGIA","Black",166,161,54,156,65,107,81,398,159,58,148,81
"GEORGIA","Asian",304,193,17,13,99,15,25,328,24,84,32,20
"GEORGIA","Hispanic",378,148,445,3,97,31,45,328,10,82,47,44
"GEORGIA","White.combination",356,329,220,155,49,135,61,122,148,41,157,60
"GEORGIA","Black.combination",175,174,65,157,64,107,81,407,163,57,153,80
"GEORGIA","Asian.combination",326,222,52,33,100,37,21,352,28,84,36,16
"HAWAII","Total",12,464,322,71,52,42,65,251,126,43,137,63
"HAWAII","Male",376,347,181,75,63,41,80,130,132,54,133,78
"HAWAII","Female",392,352,185,68,62,43,80,135,121,53,140,78
"HAWAII","White",176,163,31,91,77,54,94,404,156,70,157,93
"HAWAII","White.NonHispanic",151,141,22,95,79,55,95,395,167,72,168,96
"HAWAII","Black",123,115,406,NA,NA,NA,NA,348,NA,NA,NA,NA
"HAWAII","Asian",364,327,163,70,71,48,89,128,146,64,174,89
"HAWAII","Hispanic",423,393,240,NA,NA,NA,NA,145,NA,NA,NA,NA
"HAWAII","White.combination",280,260,134,102,69,58,85,67,153,61,146,85
"HAWAII","Black.combination",215,205,3,NA,NA,NA,NA,348,NA,NA,NA,NA
"HAWAII","Asian.combination",414,379,228,80,67,53,85,171,141,60,159,85
"IDAHO","Total",39,27,369,123,53,95,65,273,131,44,137,63
"IDAHO","Male",408,372,241,101,64,74,81,148,111,54,120,80
"IDAHO","Female",409,383,268,150,63,115,79,176,155,55,154,79
"IDAHO","White",27,15,362,136,53,105,66,268,147,45,151,64
"IDAHO","White.NonHispanic",490,461,356,194,54,138,66,265,187,47,174,66
"IDAHO","Black",1,2,2,NA,NA,NA,NA,1,NA,NA,NA,NA
"IDAHO","Asian",138,45,283,NA,NA,NA,NA,131,NA,NA,NA,NA
"IDAHO","Hispanic",89,466,165,1,96,1,25,98,4,84,7,21
"IDAHO","White.combination",30,22,365,136,53,105,65,271,147,45,150,64
"IDAHO","Black.combination",86,84,232,NA,NA,NA,NA,1,NA,NA,NA,NA
"IDAHO","Asian.combination",168,76,377,NA,NA,NA,NA,131,NA,NA,NA,NA
"ILLINOIS","Total",494,449,346,137,9,121,8,243,123,10,136,10
"ILLINOIS","Male",359,322,192,107,49,95,62,102,112,40,127,60
"ILLINOIS","Female",377,346,242,169,48,147,60,133,137,40,144,59
"ILLINOIS","White",456,413,307,158,11,139,10,213,141,12,151,12
"ILLINOIS","White.NonHispanic",422,394,292,213,12,164,11,197,183,14,174,13
"ILLINOIS","Black",63,62,399,125,73,71,90,298,137,66,122,89
"ILLINOIS","Asian",415,302,103,11,89,11,112,354,8,67,12,110
"ILLINOIS","Hispanic",60,447,287,28,85,22,106,154,26,66,27,105
"ILLINOIS","White.combination",458,417,311,160,11,141,10,215,141,12,150,12
"ILLINOIS","Black.combination",73,67,408,132,73,77,89,308,142,65,127,89
"ILLINOIS","Asian.combination",427,326,138,18,89,17,111,367,7,65,11,107
"INDIANA","Total",369,343,238,167,48,130,60,95,92,39,78,58
"INDIANA","Male",186,177,72,153,57,117,73,370,93,48,81,72
"INDIANA","Female",209,198,97,180,56,142,68,383,90,47,75,66
"INDIANA","White",338,319,213,184,49,142,61,74,97,41,83,59
"INDIANA","White.NonHispanic",319,308,207,212,49,152,61,68,109,42,89,60
"INDIANA","Black",310,292,161,129,102,78,110,65,110,97,100,117
"INDIANA","Asian",488,287,283,NA,NA,NA,NA,1,NA,NA,NA,NA
"INDIANA","Hispanic",259,116,402,7,24,13,49,234,5,93,14,41
"INDIANA","White.combination",340,323,216,182,49,140,61,76,96,40,81,59
"INDIANA","Black.combination",331,315,178,126,100,75,109,70,102,94,86,116
"INDIANA","Asian.combination",497,317,283,NA,NA,NA,NA,1,NA,NA,NA,NA
"IOWA","Total",184,180,90,221,51,174,63,42,229,45,226,63
"IOWA","Male",35,29,394,198,62,154,78,310,217,55,213,79
"IOWA","Female",39,39,414,241,60,191,76,330,238,55,238,78
"IOWA","White",161,158,84,237,51,180,63,32,234,46,232,64
"IOWA","White.NonHispanic",149,150,80,248,51,188,63,29,243,46,235,64
"IOWA","Black",433,391,240,NA,NA,NA,NA,132,NA,NA,NA,NA
"IOWA","Asian",396,257,108,NA,NA,NA,NA,40,NA,NA,NA,NA
"IOWA","Hispanic",468,369,152,NA,NA,NA,NA,20,NA,NA,NA,NA
"IOWA","White.combination",165,162,86,236,51,180,63,34,234,45,233,64
"IOWA","Black.combination",471,427,278,65,43,39,48,155,60,34,48,50
"IOWA","Asian.combination",411,296,152,NA,NA,NA,NA,89,NA,NA,NA,NA
"KANSAS","Total",152,136,58,182,53,159,65,406,188,46,193,65
"KANSAS","Male",14,464,358,159,65,144,82,269,173,58,186,83
"KANSAS","Female",24,14,384,204,63,171,79,292,200,57,200,81
"KANSAS","White",119,109,38,202,55,168,67,388,202,48,202,72
"KANSAS","White.NonHispanic",106,97,32,238,55,176,67,381,222,50,207,73
"KANSAS","Black",55,48,386,119,35,86,35,296,148,29,151,39
"KANSAS","Asian",455,335,233,NA,NA,NA,NA,155,NA,NA,NA,NA
"KANSAS","Hispanic",159,52,378,34,31,59,50,267,42,20,80,54
"KANSAS","White.combination",121,114,39,197,55,166,67,389,197,48,198,72
"KANSAS","Black.combination",74,59,391,102,34,65,32,300,132,27,134,36
"KANSAS","Asian.combination",471,370,260,NA,NA,NA,NA,177,NA,NA,NA,NA
"KENTUCKY","Total",270,256,164,231,51,189,63,80,192,45,187,64
"KENTUCKY","Male",100,86,20,226,62,186,78,359,203,57,201,81
"KENTUCKY","Female",109,98,36,239,60,194,76,364,181,55,175,79
"KENTUCKY","White",246,234,148,239,53,191,64,59,196,47,188,65
"KENTUCKY","White.NonHispanic",239,230,146,249,53,193,65,56,205,47,190,65
"KENTUCKY","Black",226,220,129,220,17,176,16,35,169,21,164,24
"KENTUCKY","Asian",391,216,165,NA,NA,NA,NA,163,NA,NA,NA,NA
"KENTUCKY","Hispanic",31,378,260,NA,NA,NA,NA,163,NA,NA,NA,NA
"KENTUCKY","White.combination",250,235,150,239,52,190,64,60,195,47,187,65
"KENTUCKY","Black.combination",247,233,141,213,14,169,13,44,155,18,147,20
"KENTUCKY","Asian.combination",391,216,165,NA,NA,NA,NA,163,NA,NA,NA,NA
"LOUISIANA","Total",276,259,176,234,50,190,62,97,211,44,208,62
"LOUISIANA","Male",104,91,24,217,60,176,76,363,199,55,195,78
"LOUISIANA","Female",115,106,45,249,58,204,73,394,223,53,220,76
"LOUISIANA","White",173,164,91,246,55,205,66,19,211,49,210,73
"LOUISIANA","White.NonHispanic",147,149,87,260,55,208,67,11,226,51,216,74
"LOUISIANA","Black",15,13,385,239,74,179,90,297,227,71,219,93
"LOUISIANA","Asian",470,393,177,NA,NA,NA,NA,52,NA,NA,NA,NA
"LOUISIANA","Hispanic",105,3,345,39,45,64,71,214,34,32,55,70
"LOUISIANA","White.combination",177,171,94,246,55,204,66,23,212,49,210,73
"LOUISIANA","Black.combination",21,23,392,241,73,181,89,304,229,70,221,93
"LOUISIANA","Asian.combination",473,397,177,NA,NA,NA,NA,52,NA,NA,NA,NA
"MAINE","Total",20,16,405,263,51,215,63,333,256,46,258,64
"MAINE","Male",381,365,277,257,63,208,79,211,254,59,254,82
"MAINE","Female",398,375,291,269,59,220,75,228,260,57,261,80
"MAINE","White",5,4,401,266,51,217,63,327,257,47,258,65
"MAINE","White.NonHispanic",501,475,398,267,51,218,63,326,259,47,260,65
"MAINE","Black",479,410,326,NA,NA,NA,NA,209,NA,NA,NA,NA
"MAINE","Asian",26,240,143,NA,NA,NA,NA,131,NA,NA,NA,NA
"MAINE","Hispanic",1,2,283,NA,NA,NA,NA,209,NA,NA,NA,NA
"MAINE","White.combination",13,11,404,264,51,216,63,331,258,47,259,65
"MAINE","Black.combination",123,104,21,NA,NA,NA,NA,3,NA,NA,NA,NA
"MAINE","Asian.combination",57,362,232,NA,NA,NA,NA,209,NA,NA,NA,NA
"MARYLAND","Total",351,316,231,203,49,195,60,137,182,42,198,61
"MARYLAND","Male",155,133,63,191,59,182,75,402,175,52,192,77
"MARYLAND","Female",197,172,95,216,56,205,68,17,188,50,204,75
"MARYLAND","White",230,219,139,243,54,209,65,55,213,48,218,72
"MARYLAND","White.NonHispanic",206,204,131,261,54,212,66,53,230,50,225,73
"MARYLAND","Black",61,46,421,191,73,182,88,316,174,68,191,92
"MARYLAND","Asian",274,185,57,56,15,75,27,345,41,93,49,28
"MARYLAND","Hispanic",269,126,35,46,32,118,47,315,31,15,52,52
"MARYLAND","White.combination",237,221,142,241,53,211,65,58,208,48,216,72
"MARYLAND","Black.combination",67,51,428,192,72,182,88,320,171,67,188,92
"MARYLAND","Asian.combination",287,208,85,60,14,90,22,368,49,92,54,25
"MASSACHUSETTS","Total",390,353,252,163,47,155,59,160,165,39,182,58
"MASSACHUSETTS","Male",205,176,78,142,56,143,73,6,154,48,177,73
"MASSACHUSETTS","Female",234,215,118,181,54,166,66,43,176,47,187,66
"MASSACHUSETTS","White",344,318,230,215,48,183,60,147,206,41,210,60
"MASSACHUSETTS","White.NonHispanic",325,304,224,234,48,194,60,142,224,42,223,61
"MASSACHUSETTS","Black",322,249,68,40,98,20,15,374,37,84,32,118
"MASSACHUSETTS","Asian",266,155,419,9,103,7,28,240,6,80,6,123
"MASSACHUSETTS","Hispanic",355,251,88,38,16,37,33,296,6,83,5,14
"MASSACHUSETTS","White.combination",348,325,235,212,48,180,60,150,204,41,207,60
"MASSACHUSETTS","Black.combination",349,265,92,42,96,23,113,387,36,80,29,114
"MASSACHUSETTS","Asian.combination",275,188,438,12,102,8,24,272,14,82,16,123
"MICHIGAN","Total",454,419,331,224,10,186,9,230,186,12,184,12
"MICHIGAN","Male",285,263,175,207,51,173,63,84,166,44,166,62
"MICHIGAN","Female",312,285,210,236,49,201,61,116,202,43,201,61
"MICHIGAN","White",416,388,293,233,12,190,11,200,198,14,192,13
"MICHIGAN","White.NonHispanic",407,384,288,244,12,195,11,195,207,39,200,57
"MICHIGAN","Black",496,467,372,239,77,184,92,266,183,75,170,97
"MICHIGAN","Asian",233,108,422,29,18,33,38,293,33,98,44,35
"MICHIGAN","Hispanic",310,237,123,66,26,94,34,377,43,103,41,32
"MICHIGAN","White.combination",418,390,298,235,12,192,10,204,197,14,191,13
"MICHIGAN","Black.combination",10,7,383,235,76,180,91,270,179,74,167,96
"MICHIGAN","Asian.combination",245,129,437,33,17,34,36,315,39,98,50,33
"MINNESOTA","Total",324,300,219,228,49,191,61,140,221,43,222,61
"MINNESOTA","Male",139,132,56,215,59,176,75,411,210,53,211,76
"MINNESOTA","Female",148,140,77,242,57,205,73,13,227,52,229,76
"MINNESOTA","White",290,272,201,255,49,210,61,127,236,44,237,62
"MINNESOTA","White.NonHispanic",282,269,198,261,49,211,61,125,242,44,237,62
"MINNESOTA","Black",134,88,415,62,34,50,40,227,29,105,22,30
"MINNESOTA","Asian",29,432,260,22,44,14,70,203,56,38,98,69
"MINNESOTA","Hispanic",117,3,315,9,40,29,72,227,33,31,66,71
"MINNESOTA","White.combination",294,275,203,253,49,208,61,129,233,44,234,62
"MINNESOTA","Black.combination",169,112,445,66,29,58,35,253,32,101,23,25
"MINNESOTA","Asian.combination",41,442,270,20,42,12,69,214,57,36,90,67
"MISSISSIPPI","Total",163,156,98,262,49,214,61,393,155,44,142,62
"MISSISSIPPI","Male",11,5,389,251,60,204,76,256,142,55,129,79
"MISSISSIPPI","Female",35,32,430,268,56,219,68,287,165,53,153,77
"MISSISSIPPI","White",66,61,442,248,56,199,68,299,137,50,124,74
"MISSISSIPPI","White.NonHispanic",59,57,439,254,56,200,68,295,142,51,123,74
"MISSISSIPPI","Black",457,429,359,271,66,226,82,235,196,69,179,91
"MISSISSIPPI","Asian",224,151,326,NA,NA,NA,NA,2,NA,NA,NA,NA
"MISSISSIPPI","Hispanic",411,254,108,NA,NA,NA,NA,52,NA,NA,NA,NA
"MISSISSIPPI","White.combination",71,64,443,245,56,198,68,301,132,50,122,74
"MISSISSIPPI","Black.combination",459,430,361,270,66,225,81,237,195,68,180,90
"MISSISSIPPI","Asian.combination",268,229,21,NA,NA,NA,NA,209,NA,NA,NA,NA
"MISSOURI","Total",346,334,247,246,48,194,60,100,121,41,109,59
"MISSOURI","Male",162,157,83,236,57,180,73,386,137,51,123,74
"MISSOURI","Female",183,181,105,251,55,205,67,383,110,49,99,73
"MISSOURI","White",302,289,213,252,49,202,61,73,128,43,113,61
"MISSOURI","White.NonHispanic",298,283,212,258,49,203,61,72,134,43,115,61
"MISSOURI","Black",366,349,251,215,95,159,106,108,111,90,97,113
"MISSOURI","Asian",455,370,279,NA,NA,NA,NA,52,NA,NA,NA,NA
"MISSOURI","Hispanic",478,344,215,NA,NA,NA,NA,75,NA,NA,NA,NA
"MISSOURI","White.combination",307,293,217,250,49,200,61,78,126,43,111,61
"MISSOURI","Black.combination",378,365,262,220,93,165,105,119,112,88,98,112
"MISSOURI","Asian.combination",484,411,315,NA,NA,NA,NA,113,NA,NA,NA,NA
"MONTANA","Total",460,433,328,188,49,129,61,249,220,42,207,61
"MONTANA","Male",308,294,187,182,59,124,75,123,212,52,199,75
"MONTANA","Female",311,299,191,193,59,135,75,134,225,52,215,75
"MONTANA","White",442,420,317,208,50,146,62,246,231,43,225,61
"MONTANA","White.NonHispanic",439,414,310,207,50,145,62,241,231,44,225,62
"MONTANA","Black",251,240,232,NA,NA,NA,NA,1,NA,NA,NA,NA
"MONTANA","Asian",373,137,143,NA,NA,NA,NA,131,NA,NA,NA,NA
"MONTANA","Hispanic",101,93,21,NA,NA,NA,NA,373,NA,NA,NA,NA
"MONTANA","White.combination",450,425,318,199,50,138,62,248,229,43,220,61
"MONTANA","Black.combination",251,240,232,NA,NA,NA,NA,1,NA,NA,NA,NA
"MONTANA","Asian.combination",373,137,143,NA,NA,NA,NA,131,NA,NA,NA,NA
"NEBRASKA","Total",78,58,427,170,53,149,65,314,154,45,160,65
"NEBRASKA","Male",431,396,289,151,64,134,81,198,155,57,168,82
"NEBRASKA","Female",438,403,303,189,63,163,79,207,151,56,154,80
"NEBRASKA","White",56,49,413,183,54,156,66,304,163,47,169,66
"NEBRASKA","White.NonHispanic",38,41,409,230,54,171,66,302,197,48,180,66
"NEBRASKA","Black",400,370,270,NA,NA,NA,NA,145,NA,NA,NA,NA
"NEBRASKA","Asian",168,410,232,NA,NA,NA,NA,1,NA,NA,NA,NA
"NEBRASKA","Hispanic",65,400,195,NA,NA,NA,NA,52,NA,NA,NA,NA
"NEBRASKA","White.combination",58,50,416,181,54,154,66,306,162,46,167,65
"NEBRASKA","Black.combination",425,393,270,NA,NA,NA,NA,145,NA,NA,NA,NA
"NEBRASKA","Asian.combination",168,410,232,NA,NA,NA,NA,1,NA,NA,NA,NA
"NEVADA","Total",153,122,19,88,53,76,66,346,85,43,100,64
"NEVADA","Male",17,456,333,83,64,64,82,233,87,53,102,80
"NEVADA","Female",22,458,343,96,63,92,81,232,82,53,97,80
"NEVADA","White",96,73,418,103,57,98,74,313,111,48,132,73
"NEVADA","White.NonHispanic",34,28,374,152,61,108,78,283,164,54,158,78
"NEVADA","Black",129,129,40,191,106,133,13,325,79,103,59,122
"NEVADA","Asian",116,56,321,12,14,5,30,177,17,87,15,18
"NEVADA","Hispanic",389,268,134,44,94,52,13,409,33,77,40,117
"NEVADA","White.combination",102,79,423,99,56,93,74,318,109,47,130,73
"NEVADA","Black.combination",142,141,50,192,105,134,113,328,74,100,53,120
"NEVADA","Asian.combination",129,78,347,23,14,10,27,210,23,88,20,17
"NEW HAMPSHIRE","Total",16,8,375,207,51,163,63,292,211,45,208,63
"NEW HAMPSHIRE","Male",381,361,258,191,62,145,78,174,207,56,203,79
"NEW HAMPSHIRE","Female",394,368,271,221,61,177,76,185,216,55,213,79
"NEW HAMPSHIRE","White",500,469,368,215,52,165,64,284,216,45,208,64
"NEW HAMPSHIRE","White.NonHispanic",493,465,364,216,52,164,64,280,217,46,208,64
"NEW HAMPSHIRE","Black",86,45,377,NA,NA,NA,NA,252,NA,NA,NA,NA
"NEW HAMPSHIRE","Asian",178,55,377,NA,NA,NA,NA,322,NA,NA,NA,NA
"NEW HAMPSHIRE","Hispanic",178,151,81,NA,NA,NA,NA,3,NA,NA,NA,NA
"NEW HAMPSHIRE","White.combination",4,472,370,217,52,166,64,288,218,45,209,63
"NEW HAMPSHIRE","Black.combination",114,84,433,NA,NA,NA,NA,322,NA,NA,NA,NA
"NEW HAMPSHIRE","Asian.combination",204,84,433,NA,NA,NA,NA,348,NA,NA,NA,NA
"NEW JERSEY","Total",430,387,280,130,12,143,12,152,78,12,91,13
"NEW JERSEY","Male",267,231,126,111,53,122,66,408,70,43,71,64
"NEW JERSEY","Female",283,247,153,145,52,165,64,37,91,43,107,63
"NEW JERSEY","White",383,339,244,161,47,160,60,109,98,39,105,58
"NEW JERSEY","White.NonHispanic",318,298,204,214,49,170,61,81,120,42,111,60
"NEW JERSEY","Black",489,431,324,94,83,118,99,192,66,71,81,101
"NEW JERSEY","Asian",424,324,161,42,91,48,111,377,12,67,14,108
"NEW JERSEY","Hispanic",44,437,325,58,88,104,108,191,50,73,69,111
"NEW JERSEY","White.combination",385,342,246,160,47,160,60,110,97,39,105,58
"NEW JERSEY","Black.combination",492,436,329,96,82,122,98,192,64,70,74,100
"NEW JERSEY","Asian.combination",426,331,173,47,90,53,110,400,18,69,19,109
"NEW MEXICO","Total",90,77,436,148,50,130,63,334,159,42,172,62
"NEW MEXICO","Male",447,405,296,138,61,123,77,212,151,53,166,78
"NEW MEXICO","Female",462,426,318,157,59,136,76,231,166,52,177,76
"NEW MEXICO","White",48,30,393,157,53,149,65,303,177,45,195,65
"NEW MEXICO","White.NonHispanic",428,402,314,247,60,197,75,244,246,55,244,78
"NEW MEXICO","Black",314,296,215,NA,NA,NA,NA,373,NA,NA,NA,NA
"NEW MEXICO","Asian",268,216,47,NA,NA,NA,NA,20,NA,NA,NA,NA
"NEW MEXICO","Hispanic",412,365,237,85,84,88,100,112,71,72,83,102
"NEW MEXICO","White.combination",52,34,396,155,53,145,65,305,176,45,193,65
"NEW MEXICO","Black.combination",357,337,233,NA,NA,NA,NA,3,NA,NA,NA,NA
"NEW MEXICO","Asian.combination",278,229,47,NA,NA,NA,NA,20,NA,NA,NA,NA
"NEW YORK","Total",88,66,410,98,6,83,6,274,74,6,72,6
"NEW YORK","Male",443,398,274,86,12,66,12,149,68,11,63,12
"NEW YORK","Female",463,415,299,110,11,103,11,178,81,11,83,11
"NEW YORK","White",28,10,354,113,8,89,8,239,87,9,85,8
"NEW YORK","White.NonHispanic",486,450,338,135,10,96,9,222,105,10,96,10
"NEW YORK","Black",212,173,65,102,63,110,81,361,69,52,73,79
"NEW YORK","Asian",43,438,272,21,75,20,103,85,13,56,13,93
"NEW YORK","Hispanic",190,110,447,59,72,59,95,290,44,59,43,90
"NEW YORK","White.combination",33,17,357,111,8,86,8,242,86,9,83,8
"NEW YORK","Black.combination",228,189,75,100,62,105,80,372,68,51,69,78
"NEW YORK","Asian.combination",54,444,281,26,74,19,101,104,16,56,17,92
"NORTH CAROLINA","Total",449,407,312,190,11,175,10,218,165,13,177,12
"NORTH CAROLINA","Male",279,255,155,167,52,160,64,64,147,44,163,64
"NORTH CAROLINA","Female",306,277,197,211,50,186,62,103,181,43,189,62
"NORTH CAROLINA","White",397,364,267,199,47,183,59,164,166,40,179,59
"NORTH CAROLINA","White.NonHispanic",367,356,264,247,47,187,59,162,201,41,185,59
"NORTH CAROLINA","Black",97,85,6,205,70,161,86,356,199,64,191,88
"NORTH CAROLINA","Asian",124,473,347,25,34,80,58,182,15,101,33,54
"NORTH CAROLINA","Hispanic",413,145,13,2,92,45,46,296,264,72,34,43
"NORTH CAROLINA","White.combination",399,367,269,199,47,182,12,168,168,39,179,58
"NORTH CAROLINA","Black.combination",103,91,14,201,69,156,85,360,199,64,191,87
"NORTH CAROLINA","Asian.combination",136,25,355,31,32,76,55,203,19,104,40,53
"NORTH DAKOTA","Total",405,376,271,186,51,144,63,193,216,44,214,62
"NORTH DAKOTA","Male",243,227,125,166,61,126,77,57,199,54,196,78
"NORTH DAKOTA","Female",231,224,128,207,61,165,77,65,230,55,230,78
"NORTH DAKOTA","White",384,366,263,212,52,159,64,187,229,45,224,63
"NORTH DAKOTA","White.NonHispanic",375,360,261,225,52,167,64,186,232,46,228,64
"NORTH DAKOTA","Black",1,389,143,NA,NA,NA,NA,131,NA,NA,NA,NA
"NORTH DAKOTA","Asian",1,240,2,NA,NA,NA,NA,2,NA,NA,NA,NA
"NORTH DAKOTA","Hispanic",123,76,326,NA,NA,NA,NA,131,NA,NA,NA,NA
"NORTH DAKOTA","White.combination",388,368,265,211,51,158,63,189,228,45,224,63
"NORTH DAKOTA","Black.combination",26,389,232,NA,NA,NA,NA,131,NA,NA,NA,NA
"NORTH DAKOTA","Asian.combination",77,410,283,NA,NA,NA,NA,252,NA,NA,NA,NA
"OHIO","Total",477,443,344,190,9,145,8,224,125,11,118,10
"OHIO","Male",330,310,199,175,49,128,62,92,125,42,117,60
"OHIO","Female",353,333,236,204,48,162,60,105,125,41,119,59
"OHIO","White",448,421,319,202,11,148,10,202,131,12,119,11
"OHIO","White.NonHispanic",441,416,313,206,11,149,10,199,137,12,122,11
"OHIO","Black",9,474,371,208,78,167,93,255,134,73,126,96
"OHIO","Asian",180,40,378,19,24,91,48,267,35,104,105,56
"OHIO","Hispanic",126,90,437,74,46,79,56,236,34,30,26,50
"OHIO","White.combination",453,424,320,196,11,142,10,205,129,12,116,11
"OHIO","Black.combination",25,20,376,183,77,138,92,257,121,71,113,94
"OHIO","Asian.combination",214,80,407,24,19,57,44,300,43,102,101,47
"OKLAHOMA","Total",240,225,100,132,54,99,66,396,83,44,70,64
"OKLAHOMA","Male",76,54,393,105,66,73,83,258,72,55,61,80
"OKLAHOMA","Female",83,75,431,158,64,121,80,290,98,55,87,79
"OKLAHOMA","White",174,159,55,143,57,109,73,358,89,48,77,72
"OKLAHOMA","White.NonHispanic",144,144,41,176,58,116,74,355,108,50,88,73
"OKLAHOMA","Black",126,128,441,83,32,40,30,309,68,23,46,27
"OKLAHOMA","Asian",425,192,108,NA,NA,NA,NA,373,NA,NA,NA,NA
"OKLAHOMA","Hispanic",223,89,417,30,34,51,53,194,2,95,9,42
"OKLAHOMA","White.combination",196,183,71,142,56,106,68,370,88,47,75,66
"OKLAHOMA","Black.combination",142,139,4,82,29,38,26,321,67,22,45,25
"OKLAHOMA","Asian.combination",437,241,152,NA,NA,NA,NA,3,NA,NA,NA,NA
"OREGON","Total",255,234,145,196,52,176,64,88,230,45,240,64
"OREGON","Male",87,75,440,174,63,161,79,357,214,56,228,81
"OREGON","Female",93,83,9,219,61,190,77,384,242,55,249,79
"OREGON","White",232,217,132,216,53,188,65,78,243,46,250,65
"OREGON","White.NonHispanic",199,197,119,249,53,196,65,66,253,48,253,66
"OREGON","Black",402,363,225,NA,NA,NA,NA,62,NA,NA,NA,NA
"OREGON","Asian",45,473,309,55,42,30,55,170,38,28,27,49
"OREGON","Hispanic",264,118,10,36,27,70,45,328,36,15,67,49
"OREGON","White.combination",238,223,137,213,53,184,64,82,240,46,248,65
"OREGON","Black.combination",420,370,225,NA,NA,NA,NA,62,NA,NA,NA,NA
"OREGON","Asian.combination",50,9,327,57,41,36,52,188,47,30,35,51
"PENNSYLVANIA","Total",498,462,353,164,9,126,8,247,123,10,121,9
"PENNSYLVANIA","Male",362,336,221,144,48,106,61,107,114,40,109,59
"PENNSYLVANIA","Female",382,358,254,182,47,143,59,138,136,40,131,58
"PENNSYLVANIA","White",472,440,337,190,10,138,9,223,139,11,126,10
"PENNSYLVANIA","White.NonHispanic",465,435,334,199,10,142,9,220,148,12,131,11
"PENNSYLVANIA","Black",2,455,323,81,82,49,97,229,95,72,98,97
"PENNSYLVANIA","Asian",247,96,437,32,17,63,41,272,22,90,42,37
"PENNSYLVANIA","Hispanic",432,374,196,53,100,31,15,38,30,81,24,115
"PENNSYLVANIA","White.combination",475,441,339,187,10,137,9,230,137,11,126,10
"PENNSYLVANIA","Black.combination",23,471,330,72,80,44,96,229,80,69,75,95
"PENNSYLVANIA","Asian.combination",264,131,37,51,16,112,33,354,51,98,105,37
"RHODE ISLAND","Total",469,428,318,143,53,118,65,221,144,44,151,64
"RHODE ISLAND","Male",303,274,167,145,64,119,81,83,139,56,145,81
"RHODE ISLAND","Female",336,307,190,141,62,116,79,108,150,54,156,79
"RHODE ISLAND","White",440,406,301,175,54,143,66,216,170,47,173,65
"RHODE ISLAND","White.NonHispanic",427,399,297,202,54,150,66,211,191,48,180,66
"RHODE ISLAND","Black",400,344,215,NA,NA,NA,NA,89,NA,NA,NA,NA
"RHODE ISLAND","Asian",178,84,2,NA,NA,NA,NA,1,NA,NA,NA,NA
"RHODE ISLAND","Hispanic",452,335,158,NA,NA,NA,NA,52,NA,NA,NA,NA
"RHODE ISLAND","White.combination",446,409,302,166,54,134,66,217,163,46,166,65
"RHODE ISLAND","Black.combination",433,391,248,NA,NA,NA,NA,113,NA,NA,NA,NA
"RHODE ISLAND","Asian.combination",192,93,143,NA,NA,NA,NA,2,NA,NA,NA,NA
"SOUTH CAROLINA","Total",289,271,184,214,50,168,62,79,153,43,143,62
"SOUTH CAROLINA","Male",110,99,27,199,61,155,77,347,144,54,135,78
"SOUTH CAROLINA","Female",131,127,51,227,58,177,74,376,158,52,149,76
"SOUTH CAROLINA","White",219,210,121,221,54,174,66,14,150,48,139,66
"SOUTH CAROLINA","White.NonHispanic",200,199,112,238,54,179,66,10,165,49,150,72
"SOUTH CAROLINA","Black",491,459,360,207,79,159,94,259,170,74,161,97
"SOUTH CAROLINA","Asian",374,287,124,NA,NA,NA,NA,52,NA,NA,NA,NA
"SOUTH CAROLINA","Hispanic",108,21,315,14,42,18,71,62,262,104,4,45
"SOUTH CAROLINA","White.combination",220,213,122,222,54,174,66,14,148,47,138,66
"SOUTH CAROLINA","Black.combination",495,464,363,211,78,163,93,262,172,74,162,97
"SOUTH CAROLINA","Asian.combination",391,317,152,NA,NA,NA,NA,89,NA,NA,NA,NA
"SOUTH DAKOTA","Total",419,392,286,187,53,130,65,190,173,46,158,64
"SOUTH DAKOTA","Male",256,244,134,161,64,105,80,54,165,57,151,80
"SOUTH DAKOTA","Female",260,252,154,214,63,157,79,63,180,57,167,80
"SOUTH DAKOTA","White",403,380,275,201,54,141,66,181,194,47,179,65
"SOUTH DAKOTA","White.NonHispanic",401,377,273,210,54,148,66,181,201,48,183,66
"SOUTH DAKOTA","Black",42,26,326,NA,NA,NA,NA,209,NA,NA,NA,NA
"SOUTH DAKOTA","Asian",313,1,1,NA,NA,NA,NA,1,NA,NA,NA,NA
"SOUTH DAKOTA","Hispanic",42,2,232,NA,NA,NA,NA,1,NA,NA,NA,NA
"SOUTH DAKOTA","White.combination",404,381,276,203,54,143,66,184,195,47,180,65
"SOUTH DAKOTA","Black.combination",77,55,377,NA,NA,NA,NA,289,NA,NA,NA,NA
"SOUTH DAKOTA","Asian.combination",313,1,1,NA,NA,NA,NA,1,NA,NA,NA,NA
"TENNESSEE","Total",371,353,239,168,48,123,60,106,105,39,93,58
"TENNESSEE","Male",188,180,62,134,57,93,74,369,92,48,76,72
"TENNESSEE","Female",216,209,110,200,55,154,67,410,115,47,106,66
"TENNESSEE","White",317,295,189,179,50,134,62,71,113,42,104,60
"TENNESSEE","White.NonHispanic",299,286,188,199,50,139,62,69,124,43,108,61
"TENNESSEE","Black",461,433,310,146,86,93,99,172,75,76,54,99
"TENNESSEE","Asian",471,373,152,NA,NA,NA,NA,40,NA,NA,NA,NA
"TENNESSEE","Hispanic",140,18,290,5,36,7,71,52,255,91,3,46
"TENNESSEE","White.combination",321,303,193,180,50,135,62,77,113,42,104,60
"TENNESSEE","Black.combination",466,434,316,147,86,94,99,175,75,76,54,99
"TENNESSEE","Asian.combination",480,391,177,NA,NA,NA,NA,40,NA,NA,NA,NA
"TEXAS","Total",130,103,446,90,5,80,5,317,73,5,74,5
"TEXAS","Male",487,439,304,78,10,67,10,183,62,9,60,10
"TEXAS","Female",499,445,335,102,9,97,9,219,84,9,96,10
"TEXAS","White",94,68,411,92,6,82,6,281,75,6,79,6
"TEXAS","White.NonHispanic",483,452,350,193,9,142,8,245,149,11,137,10
"TEXAS","Black",181,168,53,128,65,95,81,366,91,55,80,79
"TEXAS","Asian",474,382,194,20,84,21,107,5,8,62,9,101
"TEXAS","Hispanic",429,357,160,37,54,24,77,18,25,40,25,65
"TEXAS","White.combination",99,74,412,93,6,83,6,285,76,6,80,6
"TEXAS","Black.combination",195,178,64,129,64,97,81,375,93,54,84,79
"TEXAS","Asian.combination",476,386,206,26,84,23,106,8,9,61,8,100
"UTAH","Total",141,132,23,106,49,68,62,349,100,40,92,59
"UTAH","Male",7,463,336,101,58,61,75,226,92,49,82,73
"UTAH","Female",8,468,342,112,58,72,75,238,107,49,102,73
"UTAH","White",125,119,12,113,50,71,62,342,104,41,95,60
"UTAH","White.NonHispanic",107,102,5,141,51,87,63,336,122,43,108,61
"UTAH","Black",215,93,351,NA,NA,NA,NA,322,NA,NA,NA,NA
"UTAH","Asian",293,192,47,NA,NA,NA,NA,3,NA,NA,NA,NA
"UTAH","Hispanic",170,89,341,8,103,4,24,194,11,83,10,122
"UTAH","White.combination",132,123,14,111,50,69,62,344,102,41,93,59
"UTAH","Black.combination",272,192,21,NA,NA,NA,NA,373,NA,NA,NA,NA
"UTAH","Asian.combination",334,241,67,NA,NA,NA,NA,3,NA,NA,NA,NA
"VERMONT","Total",370,354,250,201,54,152,66,141,155,47,144,65
"VERMONT","Male",193,186,85,178,66,131,82,400,127,59,118,82
"VERMONT","Female",208,203,111,222,64,171,80,24,178,58,168,82
"VERMONT","White",360,341,245,214,54,163,66,135,163,47,153,66
"VERMONT","White.NonHispanic",358,338,243,214,54,162,66,134,163,48,151,66
"VERMONT","Black",313,306,143,NA,NA,NA,NA,1,NA,NA,NA,NA
"VERMONT","Asian",434,362,1,NA,NA,NA,NA,1,NA,NA,NA,NA
"VERMONT","Hispanic",313,240,143,NA,NA,NA,NA,131,NA,NA,NA,NA
"VERMONT","White.combination",363,345,249,212,54,161,66,139,161,47,150,66
"VERMONT","Black.combination",410,389,232,NA,NA,NA,NA,1,NA,NA,NA,NA
"VERMONT","Asian.combination",464,389,2,NA,NA,NA,NA,2,NA,NA,NA,NA
"VIRGINIA","Total",417,385,282,176,13,146,12,173,134,14,136,57
"VIRGINIA","Male",249,232,135,181,54,146,66,41,143,47,141,65
"VIRGINIA","Female",265,245,147,172,53,147,65,46,126,45,130,64
"VIRGINIA","White",345,328,227,200,49,166,61,124,167,42,166,60
"VIRGINIA","White.NonHispanic",329,311,223,228,49,174,61,118,186,43,172,61
"VIRGINIA","Black",40,38,382,149,77,104,92,250,89,68,70,91
"VIRGINIA","Asian",339,262,151,73,103,98,15,15,54,89,56,122
"VIRGINIA","Hispanic",305,191,26,17,21,27,43,323,21,97,31,38
"VIRGINIA","White.combination",350,330,229,199,49,165,61,126,163,41,163,60
"VIRGINIA","Black.combination",47,44,387,147,76,103,91,254,84,66,65,90
"VIRGINIA","Asian.combination",361,280,168,78,101,112,113,33,53,85,55,119
"WASHINGTON","Total",393,348,255,162,47,167,59,169,183,40,206,59
"WASHINGTON","Male",217,187,87,140,56,142,73,25,167,48,193,73
"WASHINGTON","Female",227,195,113,185,55,185,67,47,197,48,220,73
"WASHINGTON","White",333,301,218,209,49,189,61,144,217,42,227,61
"WASHINGTON","White.NonHispanic",295,276,202,252,49,206,61,136,242,44,240,62
"WASHINGTON","Black",133,92,388,54,33,25,39,296,61,24,68,40
"WASHINGTON","Asian",347,224,93,43,99,87,20,21,53,87,131,26
"WASHINGTON","Hispanic",421,284,107,10,97,16,25,404,20,81,30,19
"WASHINGTON","White.combination",341,313,226,208,49,188,60,151,211,42,224,61
"WASHINGTON","Black.combination",187,134,429,52,25,19,31,323,55,17,51,30
"WASHINGTON","Asian.combination",365,242,125,50,97,87,18,48,58,86,143,22
"WEST VIRGINIA","Total",81,81,432,165,52,106,64,282,91,44,67,62
"WEST VIRGINIA","Male",436,412,295,158,63,101,79,167,92,54,67,77
"WEST VIRGINIA","Female",451,423,306,171,62,115,78,176,90,53,67,77
"WEST VIRGINIA","White",70,69,424,173,53,112,65,277,98,44,73,62
"WEST VIRGINIA","White.NonHispanic",69,65,420,173,53,112,65,275,99,45,74,63
"WEST VIRGINIA","Black",323,314,108,NA,NA,NA,NA,289,NA,NA,NA,NA
"WEST VIRGINIA","Asian",1,362,283,NA,NA,NA,NA,131,NA,NA,NA,NA
"WEST VIRGINIA","Hispanic",114,93,21,NA,NA,NA,NA,209,NA,NA,NA,NA
"WEST VIRGINIA","White.combination",75,71,426,173,53,113,65,278,96,44,71,62
"WEST VIRGINIA","Black.combination",368,350,158,NA,NA,NA,NA,322,NA,NA,NA,NA
"WEST VIRGINIA","Asian.combination",1,389,283,NA,NA,NA,NA,131,NA,NA,NA,NA
"WISCONSIN","Total",337,320,234,230,48,184,60,166,239,42,239,60
"WISCONSIN","Male",156,147,74,215,58,174,74,28,236,52,239,75
"WISCONSIN","Female",171,165,89,245,56,197,68,42,241,51,239,74
"WISCONSIN","White",309,290,214,247,49,201,61,157,248,43,249,61
"WISCONSIN","White.NonHispanic",294,279,208,259,49,207,61,153,252,43,251,62
"WISCONSIN","Black",179,179,44,117,28,65,23,400,144,25,128,29
"WISCONSIN","Asian",19,453,233,16,45,3,58,392,263,18,1,30
"WISCONSIN","Hispanic",202,100,400,27,37,21,54,296,47,26,57,55
"WISCONSIN","White.combination",316,297,222,247,49,201,61,159,247,43,247,61
"WISCONSIN","Black.combination",225,222,88,131,20,74,19,21,149,21,133,23
"WISCONSIN","Asian.combination",37,6,257,15,41,2,51,40,1,19,2,32
"WYOMING","Total",343,326,179,108,54,62,66,101,131,45,123,64
"WYOMING","Male",172,160,31,97,65,55,81,382,121,55,116,79
"WYOMING","Female",160,153,40,124,65,75,81,387,142,56,131,80
"WYOMING","White",320,305,162,115,55,67,67,94,143,46,130,65
"WYOMING","White.NonHispanic",300,288,156,122,55,68,67,86,150,47,133,65
"WYOMING","Black",26,451,326,NA,NA,NA,NA,209,NA,NA,NA,NA
"WYOMING","Asian",251,1,1,NA,NA,NA,NA,1,NA,NA,NA,NA
"WYOMING","Hispanic",242,138,433,NA,NA,NA,NA,322,NA,NA,NA,NA
"WYOMING","White.combination",327,309,166,113,54,63,67,96,141,46,129,64
"WYOMING","Black.combination",26,451,326,NA,NA,NA,NA,209,NA,NA,NA,NA
"WYOMING","Asian.combination",313,137,1,NA,NA,NA,NA,1,NA,NA,NA,NA
